time,tag,tr,flag
2023-06-05 18:16:52.548464,ct,,
2023-06-05 18:16:53.385854,,,
2023-06-05 18:16:53.352612,mt,,comission error
2023-06-05 18:16:54.166805,ct,,omission error
2023-06-05 18:16:54.979979,,,
2023-06-05 18:16:54.983280,ct,0:00:00.813174,correct comission
2023-06-05 18:16:55.803338,ct,,omission error
2023-06-05 18:16:56.186149,,,
2023-06-05 18:16:56.621568,ct,0:00:00.382811,correct comission
2023-06-05 18:16:57.107874,,,
2023-06-05 18:16:57.440840,ct,0:00:00.486306,correct comission
2023-06-05 18:16:57.844416,,,
2023-06-05 18:16:58.259760,ct,0:00:00.403576,correct comission
2023-06-05 18:16:59.076319,ct,,omission error
2023-06-05 18:16:59.459948,,,
2023-06-05 18:16:59.891752,ct,0:00:00.383629,correct comission
2023-06-05 18:17:00.938751,,,
2023-06-05 18:17:00.701571,ct,0:00:01.046999,correct comission
2023-06-05 18:17:01.515009,ct,,omission error
2023-06-05 18:17:01.963629,,,
2023-06-05 18:17:02.329878,ct,0:00:00.448620,correct comission
2023-06-05 18:17:03.201467,,,
2023-06-05 18:17:03.144460,ct,0:00:00.871589,correct comission
2023-06-05 18:17:03.993634,,,
2023-06-05 18:17:03.960491,ct,0:00:00.849174,correct comission
2023-06-05 18:17:04.805298,,,
2023-06-05 18:17:04.780998,ct,0:00:00.844807,correct comission
2023-06-05 18:17:05.637775,,,
2023-06-05 18:17:05.593162,mt,,comission error
2023-06-05 18:17:06.414366,ct,,omission error
2023-06-05 18:17:07.304458,,,
2023-06-05 18:17:07.239627,ct,0:00:00.890092,correct comission
2023-06-05 18:17:08.149231,,,
2023-06-05 18:17:08.054452,ct,0:00:00.909604,correct comission
2023-06-05 18:17:08.873267,ct,,omission error
2023-06-05 18:17:09.206518,,,
2023-06-05 18:17:09.691569,ct,0:00:00.333251,correct comission
2023-06-05 18:17:10.771423,,,
2023-06-05 18:17:10.511362,ct,0:00:01.079854,correct comission
2023-06-05 18:17:11.573661,,,
2023-06-05 18:17:11.325817,ct,0:00:01.062299,correct comission
2023-06-05 18:17:12.363728,,,
2023-06-05 18:17:12.138580,ct,0:00:01.037911,correct comission
2023-06-05 18:17:12.953082,ct,,omission error
2023-06-05 18:17:13.304194,,,
2023-06-05 18:17:13.770927,mt,,comission error
2023-06-05 18:17:14.584008,ct,,omission error
2023-06-05 18:17:15.527241,,,
2023-06-05 18:17:15.403643,ct,0:00:00.943233,correct comission
2023-06-05 18:17:16.422632,,,
2023-06-05 18:17:16.220434,ct,0:00:01.018989,correct comission
2023-06-05 18:17:17.288710,,,
2023-06-05 18:17:17.039682,ct,0:00:01.068276,correct comission
2023-06-05 18:17:18.091097,,,
2023-06-05 18:17:17.862094,ct,0:00:01.051415,correct comission
2023-06-05 18:17:18.681086,ct,,omission error
2023-06-05 18:17:19.530010,,,
2023-06-05 18:17:19.497086,ct,0:00:00.848924,correct comission
2023-06-05 18:17:20.460660,,,
2023-06-05 18:17:20.318860,ct,0:00:00.963574,correct comission
2023-06-05 18:17:21.242249,,,
2023-06-05 18:17:21.129816,ct,0:00:00.923389,correct comission
2023-06-05 18:17:22.244056,,,
2023-06-05 18:17:21.950509,ct,0:00:01.114240,correct comission
2023-06-05 18:17:23.065311,,,
2023-06-05 18:17:22.773048,ct,0:00:01.114802,correct comission
2023-06-05 18:17:23.866910,,,
2023-06-05 18:17:23.589547,mt,,comission error
2023-06-05 18:17:24.408475,ct,,omission error
2023-06-05 18:17:25.271087,,,
2023-06-05 18:17:25.224117,ct,0:00:00.862612,correct comission
2023-06-05 18:17:26.045097,ct,,omission error
2023-06-05 18:17:26.537236,,,
2023-06-05 18:17:26.864051,ct,0:00:00.492139,correct comission
2023-06-05 18:17:27.951529,,,
2023-06-05 18:17:27.687424,ct,0:00:01.087478,correct comission
2023-06-05 18:17:28.730394,,,
2023-06-05 18:17:28.507051,ct,0:00:01.042970,correct comission
2023-06-05 18:17:29.497598,,,
2023-06-05 18:17:29.331412,ct,0:00:00.990547,correct comission
2023-06-05 18:17:30.186283,,,
2023-06-05 18:17:30.141806,ct,0:00:00.854871,correct comission
2023-06-05 18:17:31.050630,,,
2023-06-05 18:17:30.960029,ct,0:00:00.908824,correct comission
2023-06-05 18:17:31.865315,,,
2023-06-05 18:17:31.773097,mt,,comission error
2023-06-05 18:17:32.589802,ct,,omission error
2023-06-05 18:17:33.416606,,,
2023-06-05 18:17:33.404898,ct,0:00:00.826804,correct comission
2023-06-05 18:17:34.398829,,,
2023-06-05 18:17:34.221152,ct,0:00:00.993931,correct comission
2023-06-05 18:17:35.078242,,,
2023-06-05 18:17:35.045135,ct,0:00:00.857090,correct comission
2023-06-05 18:17:35.868246,ct,,omission error
2023-06-05 18:17:36.201049,,,
2023-06-05 18:17:36.685589,ct,0:00:00.332803,correct comission
2023-06-05 18:17:37.495642,ct,,omission error
2023-06-05 18:17:38.027920,,,
2023-06-05 18:17:38.314892,mt,,comission error
2023-06-05 18:17:39.125504,ct,,omission error
2023-06-05 18:17:40.124694,,,
2023-06-05 18:17:39.943919,ct,0:00:00.999190,correct comission
2023-06-05 18:17:41.037926,,,
2023-06-05 18:17:40.761671,ct,0:00:01.094007,correct comission
2023-06-05 18:17:41.724630,,,
2023-06-05 18:17:41.582704,ct,0:00:00.962959,correct comission
2023-06-05 18:17:42.396656,ct,,omission error
2023-06-05 18:17:43.359925,,,
2023-06-05 18:17:43.212893,ct,0:00:00.963269,correct comission
2023-06-05 18:17:44.218472,,,
2023-06-05 18:17:44.028515,ct,0:00:01.005579,correct comission
2023-06-05 18:17:44.852927,mt,,correct omission
2023-06-05 18:17:45.192306,,,
2023-06-05 18:17:45.668338,ct,0:00:00.339379,correct comission
2023-06-05 18:17:46.505065,,,
2023-06-05 18:17:46.482583,ct,0:00:00.836727,correct comission
2023-06-05 18:17:47.399935,,,
2023-06-05 18:17:47.298276,ct,0:00:00.917352,correct comission
2023-06-05 18:17:48.222603,,,
2023-06-05 18:17:48.120744,ct,0:00:00.924327,correct comission
2023-06-05 18:17:49.210309,,,
2023-06-05 18:17:48.940930,ct,0:00:01.089565,correct comission
2023-06-05 18:17:49.823259,,,
2023-06-05 18:17:49.768082,ct,0:00:00.882329,correct comission
2023-06-05 18:17:50.618579,,,
2023-06-05 18:17:50.585013,ct,0:00:00.850497,correct comission
2023-06-05 18:17:51.551214,,,
2023-06-05 18:17:51.399456,mt,,comission error
2023-06-05 18:17:52.216752,ct,,omission error
2023-06-05 18:17:52.721598,,,
2023-06-05 18:17:53.042399,ct,0:00:00.504846,correct comission
2023-06-05 18:17:53.811063,,,
2023-06-05 18:17:53.856026,ct,0:00:00.768664,correct comission
2023-06-05 18:17:54.942627,,,
2023-06-05 18:17:54.678609,ct,0:00:01.086601,correct comission
2023-06-05 18:17:55.790866,,,
2023-06-05 18:17:55.501289,ct,0:00:01.112257,correct comission
2023-06-05 18:17:56.328078,ct,,omission error
2023-06-05 18:17:56.732294,,,
2023-06-05 18:17:57.155724,ct,0:00:00.404216,correct comission
2023-06-05 18:17:57.976781,ct,,omission error
2023-06-05 18:17:58.509359,,,
2023-06-05 18:17:58.794527,ct,0:00:00.532578,correct comission
2023-06-05 18:17:59.609886,,,
2023-06-05 18:17:59.607512,ct,0:00:00.815359,correct comission
2023-06-05 18:18:00.562867,,,
2023-06-05 18:18:00.420588,ct,0:00:00.955355,correct comission
2023-06-05 18:18:01.418289,,,
2023-06-05 18:18:01.240925,ct,0:00:00.997701,correct comission
2023-06-05 18:18:02.056507,ct,,omission error
2023-06-05 18:18:02.621444,,,
2023-06-05 18:18:02.875331,mt,,comission error
2023-06-05 18:18:03.292453,,,
2023-06-05 18:18:03.695914,ct,0:00:00.417122,correct comission
2023-06-05 18:18:04.508340,,,
2023-06-05 18:18:04.513289,ct,0:00:00.812426,correct comission
2023-06-05 18:18:05.266577,,,
2023-06-05 18:18:05.328503,ct,0:00:00.753288,correct comission
2023-06-05 18:18:06.435898,,,
2023-06-05 18:18:06.140709,ct,0:00:01.107395,correct comission
2023-06-05 18:18:07.235905,,,
2023-06-05 18:18:06.960530,mt,,comission error
2023-06-05 18:18:07.783796,ct,,omission error
2023-06-05 18:18:08.576161,,,
2023-06-05 18:18:08.602871,ct,0:00:00.792365,correct comission
2023-06-05 18:18:09.475341,,,
2023-06-05 18:18:09.419688,ct,0:00:00.872470,correct comission
2023-06-05 18:18:10.356394,,,
2023-06-05 18:18:10.244239,ct,0:00:00.936706,correct comission
2023-06-05 18:18:11.261486,,,
2023-06-05 18:18:11.058655,ct,0:00:01.017247,correct comission
2023-06-05 18:18:12.165681,,,
2023-06-05 18:18:11.880451,ct,0:00:01.107026,correct comission
2023-06-05 18:18:12.981850,,,
2023-06-05 18:18:12.711714,ct,0:00:01.101399,correct comission
2023-06-05 18:18:13.695202,,,
2023-06-05 18:18:13.541253,ct,0:00:00.983488,correct comission
2023-06-05 18:18:14.558742,,,
2023-06-05 18:18:14.359845,ct,0:00:01.017489,correct comission
2023-06-05 18:18:15.310554,,,
2023-06-05 18:18:15.175640,ct,0:00:00.950709,correct comission
2023-06-05 18:18:16.225246,,,
2023-06-05 18:18:15.998291,ct,0:00:01.049606,correct comission
2023-06-05 18:18:17.006344,,,
2023-06-05 18:18:16.817963,ct,0:00:01.008053,correct comission
2023-06-05 18:18:17.665491,,,
2023-06-05 18:18:17.632137,ct,0:00:00.847528,correct comission
2023-06-05 18:18:18.579915,,,
2023-06-05 18:18:18.458031,ct,0:00:00.947778,correct comission
2023-06-05 18:18:19.272842,ct,,omission error
2023-06-05 18:18:19.597809,,,
2023-06-05 18:18:20.093838,ct,0:00:00.324967,correct comission
2023-06-05 18:18:20.907392,mt,,correct omission
2023-06-05 18:18:21.263551,,,
2023-06-05 18:18:21.723810,ct,0:00:00.356159,correct comission
2023-06-05 18:18:22.677157,,,
2023-06-05 18:18:22.543563,ct,0:00:00.953347,correct comission
2023-06-05 18:18:23.623057,,,
2023-06-05 18:18:23.362121,ct,0:00:01.079494,correct comission
2023-06-05 18:18:24.309034,,,
2023-06-05 18:18:24.173171,ct,0:00:00.946913,correct comission
2023-06-05 18:18:25.249108,,,
2023-06-05 18:18:24.987704,ct,0:00:01.075937,correct comission
2023-06-05 18:18:25.967520,,,
2023-06-05 18:18:25.814893,ct,0:00:00.979816,correct comission
2023-06-05 18:18:26.633852,ct,,omission error
2023-06-05 18:18:27.016329,,,
2023-06-05 18:18:27.450798,ct,0:00:00.382477,correct comission
2023-06-05 18:18:28.450754,,,
2023-06-05 18:18:28.272451,mt,,comission error
2023-06-05 18:18:29.091381,ct,,omission error
2023-06-05 18:18:29.998228,,,
2023-06-05 18:18:29.909669,ct,0:00:00.906847,correct comission
2023-06-05 18:18:30.911114,,,
2023-06-05 18:18:30.724674,ct,0:00:01.001445,correct comission
2023-06-05 18:18:31.727582,,,
2023-06-05 18:18:31.540754,ct,0:00:01.002908,correct comission
2023-06-05 18:18:32.359361,ct,,omission error
2023-06-05 18:18:32.913342,,,
2023-06-05 18:18:33.179718,ct,0:00:00.553981,correct comission
2023-06-05 18:18:33.772807,,,
2023-06-05 18:18:34.001657,ct,0:00:00.593089,correct comission
2023-06-05 18:18:34.818852,ct,,omission error
2023-06-05 18:18:35.655141,,,
2023-06-05 18:18:35.622995,mt,,comission error
2023-06-05 18:18:36.442489,ct,,omission error
2023-06-05 18:18:37.122054,,,
2023-06-05 18:18:37.258174,ct,0:00:00.679565,correct comission
2023-06-05 18:18:38.181741,,,
2023-06-05 18:18:38.069136,ct,0:00:00.923567,correct comission
2023-06-05 18:18:39.177801,,,
2023-06-05 18:18:38.883016,mt,,comission error
2023-06-05 18:18:39.702381,ct,,omission error
2023-06-05 18:18:40.312210,,,
2023-06-05 18:18:40.517478,ct,0:00:00.609829,correct comission
2023-06-05 18:18:41.589281,,,
2023-06-05 18:18:41.344949,ct,0:00:01.071803,correct comission
2023-06-05 18:18:42.486689,,,
2023-06-05 18:18:42.169801,ct,0:00:01.141740,correct comission
2023-06-05 18:18:43.280430,,,
2023-06-05 18:18:42.982957,ct,0:00:01.110629,correct comission
2023-06-05 18:18:43.807837,ct,,omission error
2023-06-05 18:18:44.149537,,,
2023-06-05 18:18:44.626305,ct,0:00:00.341700,correct comission
2023-06-05 18:18:45.396864,,,
2023-06-05 18:18:45.440761,ct,0:00:00.770559,correct comission
2023-06-05 18:18:46.473245,,,
2023-06-05 18:18:46.258178,ct,0:00:01.032484,correct comission
2023-06-05 18:18:47.351234,,,
2023-06-05 18:18:47.061866,mt,,comission error
2023-06-05 18:18:47.871225,ct,,omission error
2023-06-05 18:18:48.755568,,,
2023-06-05 18:18:48.688625,ct,0:00:00.884343,correct comission
2023-06-05 18:18:49.755910,,,
2023-06-05 18:18:49.517064,ct,0:00:01.067285,correct comission
2023-06-05 18:18:50.337595,ct,,omission error
2023-06-05 18:18:50.755051,,,
2023-06-05 18:18:51.151131,ct,0:00:00.417456,correct comission
2023-06-05 18:18:51.525166,,,
2023-06-05 18:18:51.966933,ct,0:00:00.374035,correct comission
2023-06-05 18:18:52.326180,,,
2023-06-05 18:18:52.783096,ct,0:00:00.359247,correct comission
2023-06-05 18:18:53.285723,,,
2023-06-05 18:18:53.609105,ct,0:00:00.502627,correct comission
2023-06-05 18:18:54.025257,,,
2023-06-05 18:18:54.423783,ct,0:00:00.416152,correct comission
2023-06-05 18:18:55.290745,,,
2023-06-05 18:18:55.245935,ct,0:00:00.866962,correct comission
2023-06-05 18:18:56.085108,,,
2023-06-05 18:18:56.062566,ct,0:00:00.839173,correct comission
2023-06-05 18:18:56.869754,,,
2023-06-05 18:18:56.879643,ct,0:00:00.807188,correct comission
2023-06-05 18:18:57.747034,,,
2023-06-05 18:18:57.709593,ct,0:00:00.867391,correct comission
2023-06-05 18:18:58.516156,,,
2023-06-05 18:18:58.529320,ct,0:00:00.806563,correct comission
2023-06-05 18:18:59.350041,,,
2023-06-05 18:18:59.352337,ct,0:00:00.820721,correct comission
2023-06-05 18:19:00.109143,,,
2023-06-05 18:19:00.165754,mt,,comission error
2023-06-05 18:19:00.990379,ct,,omission error
2023-06-05 18:19:01.899937,,,
2023-06-05 18:19:01.818127,ct,0:00:00.909558,correct comission
2023-06-05 18:19:02.855758,,,
2023-06-05 18:19:02.639474,ct,0:00:01.037631,correct comission
2023-06-05 18:19:03.705668,,,
2023-06-05 18:19:03.455641,ct,0:00:01.066194,correct comission
2023-06-05 18:19:04.405284,,,
2023-06-05 18:19:04.273635,ct,0:00:00.949643,correct comission
2023-06-05 18:19:05.089355,mt,,correct omission
2023-06-05 18:19:05.484421,,,
2023-06-05 18:19:05.908295,ct,0:00:00.395066,correct comission
2023-06-05 18:19:06.840124,,,
2023-06-05 18:19:06.726556,ct,0:00:00.931829,correct comission
2023-06-05 18:19:07.537924,ct,,omission error
2023-06-05 18:19:07.917531,,,
2023-06-05 18:19:08.351852,ct,0:00:00.379607,correct comission
2023-06-05 18:19:09.322760,,,
2023-06-05 18:19:09.166164,ct,0:00:00.970908,correct comission
2023-06-05 18:19:10.235739,,,
2023-06-05 18:19:09.984227,ct,0:00:01.069575,correct comission
2023-06-05 18:19:11.050102,,,
2023-06-05 18:19:10.812210,ct,0:00:01.065875,correct comission
2023-06-05 18:19:11.931867,,,
2023-06-05 18:19:11.629772,ct,0:00:01.119657,correct comission
2023-06-05 18:19:12.455064,ct,,omission error
2023-06-05 18:19:12.874877,,,
2023-06-05 18:19:13.269750,ct,0:00:00.419813,correct comission
2023-06-05 18:19:14.326489,,,
2023-06-05 18:19:14.089675,ct,0:00:01.056739,correct comission
2023-06-05 18:19:14.907661,ct,,omission error
2023-06-05 18:19:15.303525,,,
2023-06-05 18:19:15.720966,ct,0:00:00.395864,correct comission
2023-06-05 18:19:16.745478,,,
2023-06-05 18:19:16.530845,mt,,comission error
2023-06-05 18:19:17.343533,ct,,omission error
2023-06-05 18:19:17.803870,,,
2023-06-05 18:19:18.167341,ct,0:00:00.460337,correct comission
2023-06-05 18:19:19.159400,,,
2023-06-05 18:19:18.988069,ct,0:00:00.992059,correct comission
2023-06-05 18:19:19.947755,,,
2023-06-05 18:19:19.812378,ct,0:00:00.959686,correct comission
2023-06-05 18:19:20.639914,,,
2023-06-05 18:19:20.617364,ct,0:00:00.827536,correct comission
2023-06-05 18:19:21.611662,,,
2023-06-05 18:19:21.426338,ct,0:00:00.994298,correct comission
2023-06-05 18:19:22.510964,,,
2023-06-05 18:19:22.246374,ct,0:00:01.084626,correct comission
2023-06-05 18:19:23.307551,,,
2023-06-05 18:19:23.068562,ct,0:00:01.061177,correct comission
2023-06-05 18:19:24.066211,,,
2023-06-05 18:19:23.885492,ct,0:00:00.997649,correct comission
2023-06-05 18:19:24.953712,,,
2023-06-05 18:19:24.704427,ct,0:00:01.068220,correct comission
2023-06-05 18:19:25.531078,ct,,omission error
2023-06-05 18:19:26.602113,,,
2023-06-05 18:19:26.350684,mt,,comission error
2023-06-05 18:19:27.168036,ct,,omission error
2023-06-05 18:19:27.951485,,,
2023-06-05 18:19:27.990281,ct,0:00:00.783449,correct comission
2023-06-05 18:19:28.864262,,,
2023-06-05 18:19:28.809318,ct,0:00:00.873981,correct comission
2023-06-05 18:19:29.689274,,,
2023-06-05 18:19:29.622431,ct,0:00:00.879956,correct comission
2023-06-05 18:19:30.567471,,,
2023-06-05 18:19:30.444273,ct,0:00:00.945040,correct comission
2023-06-05 18:19:31.464024,,,
2023-06-05 18:19:31.260660,ct,0:00:01.019751,correct comission
2023-06-05 18:19:32.168967,,,
2023-06-05 18:19:32.080395,ct,0:00:00.908307,correct comission
2023-06-05 18:19:32.929034,,,
2023-06-05 18:19:32.893508,ct,0:00:00.848639,correct comission
2023-06-05 18:19:34.009202,,,
2023-06-05 18:19:33.711391,ct,0:00:01.115694,correct comission
2023-06-05 18:19:34.737570,,,
2023-06-05 18:19:34.522895,mt,,comission error
2023-06-05 18:19:35.646788,,,
2023-06-05 18:19:35.340651,ct,0:00:01.123893,correct comission
2023-06-05 18:19:36.378668,,,
2023-06-05 18:19:36.170606,ct,0:00:01.038017,correct comission
2023-06-05 18:19:37.258001,,,
2023-06-05 18:19:37.000025,ct,0:00:01.087395,correct comission
2023-06-05 18:19:37.832666,,,
2023-06-05 18:19:37.821263,ct,0:00:00.832641,correct comission
2023-06-05 18:19:38.634213,,,
2023-06-05 18:19:38.638464,ct,0:00:00.812950,correct comission
2023-06-05 18:19:39.599496,,,
2023-06-05 18:19:39.451238,ct,0:00:00.961032,correct comission
2023-06-05 18:19:40.335686,,,
2023-06-05 18:19:40.263652,ct,0:00:00.884448,correct comission
2023-06-05 18:19:41.210390,,,
2023-06-05 18:19:41.081453,ct,0:00:00.946738,correct comission
2023-06-05 18:19:42.045437,,,
2023-06-05 18:19:41.896567,ct,0:00:00.963984,correct comission
2023-06-05 18:19:42.881089,,,
2023-06-05 18:19:42.713984,mt,,comission error
2023-06-05 18:19:43.534476,ct,,omission error
2023-06-05 18:19:44.003455,,,
2023-06-05 18:19:44.355761,ct,0:00:00.468979,correct comission
2023-06-05 18:19:44.762201,,,
2023-06-05 18:19:45.169985,ct,0:00:00.406440,correct comission
2023-06-05 18:19:46.250671,,,
2023-06-05 18:19:45.983017,ct,0:00:01.080686,correct comission
2023-06-05 18:19:47.088893,,,
2023-06-05 18:19:46.803608,ct,0:00:01.105876,correct comission
2023-06-05 18:19:47.624193,ct,,omission error
2023-06-05 18:19:48.146352,,,
2023-06-05 18:19:48.441398,ct,0:00:00.522159,correct comission
2023-06-05 18:19:49.468483,,,
2023-06-05 18:19:49.262570,ct,0:00:01.027085,correct comission
2023-06-05 18:19:50.226598,,,
2023-06-05 18:19:50.093336,mt,,comission error
2023-06-05 18:19:50.914024,ct,,omission error
2023-06-05 18:19:51.677451,,,
2023-06-05 18:19:51.727048,ct,0:00:00.763427,correct comission
2023-06-05 18:19:52.624507,,,
2023-06-05 18:19:52.543602,ct,0:00:00.897459,correct comission
2023-06-05 18:19:53.445215,,,
2023-06-05 18:19:53.366881,mt,,comission error
2023-06-05 18:19:54.335399,,,
2023-06-05 18:19:54.167710,ct,0:00:00.968518,correct comission
2023-06-05 18:19:54.987286,ct,,omission error
2023-06-05 18:19:55.637538,,,
2023-06-05 18:19:55.805275,ct,0:00:00.650252,correct comission
2023-06-05 18:19:56.768736,,,
2023-06-05 18:19:56.622960,ct,0:00:00.963461,correct comission
2023-06-05 18:19:57.588595,,,
2023-06-05 18:19:57.432403,ct,0:00:00.965635,correct comission
2023-06-05 18:19:58.354409,,,
2023-06-05 18:19:58.252484,ct,0:00:00.922006,correct comission
2023-06-05 18:19:59.121677,,,
2023-06-05 18:19:59.076272,ct,0:00:00.869193,correct comission
2023-06-05 18:19:59.902185,,,
2023-06-05 18:19:59.890740,ct,0:00:00.825913,correct comission
2023-06-05 18:20:00.876277,,,
2023-06-05 18:20:00.713187,mt,,comission error
2023-06-05 18:20:01.586662,,,
2023-06-05 18:20:01.527611,ct,0:00:00.873475,correct comission
2023-06-05 18:20:02.349326,ct,,omission error
2023-06-05 18:20:02.967423,,,
2023-06-05 18:20:03.172169,ct,0:00:00.618097,correct comission
2023-06-05 18:20:03.762169,,,
2023-06-05 18:20:03.986669,ct,0:00:00.590000,correct comission
2023-06-05 18:20:04.769626,,,
2023-06-05 18:20:04.815381,ct,0:00:00.782957,correct comission
2023-06-05 18:20:05.492253,,,
2023-06-05 18:20:05.650935,ct,0:00:00.676872,correct comission
2023-06-05 18:20:06.479481,,,
2023-06-05 18:20:06.467111,ct,0:00:00.828546,correct comission
2023-06-05 18:20:07.264369,,,
2023-06-05 18:20:07.291982,ct,0:00:00.797258,correct comission
2023-06-05 18:20:08.177206,,,
2023-06-05 18:20:08.119317,ct,0:00:00.885224,correct comission
2023-06-05 18:20:09.029835,,,
2023-06-05 18:20:08.945155,ct,0:00:00.910518,correct comission
2023-06-05 18:20:09.747831,,,
2023-06-05 18:20:09.767920,ct,0:00:00.802676,correct comission
2023-06-05 18:20:10.657861,,,
2023-06-05 18:20:10.597374,ct,0:00:00.889941,correct comission
2023-06-05 18:20:11.648594,,,
2023-06-05 18:20:11.430935,ct,0:00:01.051220,correct comission
2023-06-05 18:20:12.470921,,,
2023-06-05 18:20:12.252578,ct,0:00:01.039986,correct comission
2023-06-05 18:20:13.119298,,,
2023-06-05 18:20:13.075458,ct,0:00:00.866720,correct comission
2023-06-05 18:20:14.181753,,,
2023-06-05 18:20:13.899131,ct,0:00:01.106295,correct comission
2023-06-05 18:20:14.973770,,,
2023-06-05 18:20:14.721739,mt,,comission error
2023-06-05 18:20:15.549701,ct,,omission error
2023-06-05 18:20:16.446603,,,
2023-06-05 18:20:16.388026,ct,0:00:00.896902,correct comission
2023-06-05 18:20:17.220338,ct,,omission error
2023-06-05 18:20:18.152003,,,
2023-06-05 18:20:18.042496,ct,0:00:00.931665,correct comission
2023-06-05 18:20:18.864325,,,
2023-06-05 18:20:18.868124,ct,0:00:00.821829,correct comission
2023-06-05 18:20:19.696077,,,
2023-06-05 18:20:19.684537,mt,,comission error
2023-06-05 18:20:20.507497,ct,,omission error
2023-06-05 18:20:21.281080,,,
2023-06-05 18:20:21.330342,ct,0:00:00.773583,correct comission
2023-06-05 18:20:22.319387,,,
2023-06-05 18:20:22.164451,ct,0:00:00.989045,correct comission
2023-06-05 18:20:23.263993,,,
2023-06-05 18:20:22.989419,ct,0:00:01.099542,correct comission
2023-06-05 18:20:23.749159,,,
2023-06-05 18:20:23.811792,ct,0:00:00.759740,correct comission
2023-06-05 18:20:24.630054,,,
2023-06-05 18:20:24.633556,ct,0:00:00.818262,correct comission
2023-06-05 18:20:25.554824,,,
2023-06-05 18:20:25.459598,mt,,comission error
2023-06-05 18:20:26.492144,,,
2023-06-05 18:20:26.289946,ct,0:00:01.032546,correct comission
2023-06-05 18:20:27.117691,ct,,omission error
2023-06-05 18:20:27.668614,,,
2023-06-05 18:20:27.943485,ct,0:00:00.550923,correct comission
2023-06-05 18:20:28.517975,,,
2023-06-05 18:20:28.768432,ct,0:00:00.574490,correct comission
2023-06-05 18:20:29.553223,,,
2023-06-05 18:20:29.594746,ct,0:00:00.784791,correct comission
2023-06-05 18:20:30.372520,,,
2023-06-05 18:20:30.408871,ct,0:00:00.777774,correct comission
2023-06-05 18:20:31.376770,,,
2023-06-05 18:20:31.226603,ct,0:00:00.967899,correct comission
2023-06-05 18:20:32.306036,,,
2023-06-05 18:20:32.042063,ct,0:00:01.079433,correct comission
2023-06-05 18:20:32.857852,ct,,omission error
2023-06-05 18:20:33.943527,,,
2023-06-05 18:20:33.673341,ct,0:00:01.085675,correct comission
2023-06-05 18:20:34.505087,ct,,omission error
2023-06-05 18:20:35.315202,,,
2023-06-05 18:20:35.338519,ct,0:00:00.810115,correct comission
2023-06-05 18:20:35.929889,,,
2023-06-05 18:20:36.155043,ct,0:00:00.591370,correct comission
2023-06-05 18:20:36.794040,,,
2023-06-05 18:20:36.975626,mt,,comission error
2023-06-05 18:20:38.033956,,,
2023-06-05 18:20:37.788990,ct,0:00:01.058330,correct comission
2023-06-05 18:20:38.612249,ct,,omission error
2023-06-05 18:20:38.965074,,,
2023-06-05 18:20:39.421488,ct,0:00:00.352825,correct comission
2023-06-05 18:20:40.522882,,,
2023-06-05 18:20:40.238587,ct,0:00:01.101394,correct comission
2023-06-05 18:20:41.065955,ct,,omission error
2023-06-05 18:20:41.609699,,,
2023-06-05 18:20:41.892864,ct,0:00:00.543744,correct comission
2023-06-05 18:20:42.889157,,,
2023-06-05 18:20:42.710811,ct,0:00:00.996293,correct comission
2023-06-05 18:20:43.574487,,,
2023-06-05 18:20:43.526289,ct,0:00:00.863676,correct comission
2023-06-05 18:20:44.339549,,,
2023-06-05 18:20:44.341789,ct,0:00:00.813260,correct comission
2023-06-05 18:20:45.101753,,,
2023-06-05 18:20:45.152333,ct,0:00:00.759964,correct comission
2023-06-05 18:20:45.811708,,,
2023-06-05 18:20:45.968560,ct,0:00:00.659375,correct comission
2023-06-05 18:20:46.696434,,,
2023-06-05 18:20:46.777235,ct,0:00:00.727874,correct comission
2023-06-05 18:20:47.612162,,,
2023-06-05 18:20:47.589656,ct,0:00:00.834927,correct comission
2023-06-05 18:20:48.488937,,,
2023-06-05 18:20:48.406037,mt,,comission error
2023-06-05 18:20:49.226627,ct,,omission error
2023-06-05 18:20:50.019356,,,
2023-06-05 18:20:50.068329,mt,,comission error
2023-06-05 18:20:50.891180,ct,,omission error
2023-06-05 18:20:51.654643,,,
2023-06-05 18:20:51.704927,ct,0:00:00.763463,correct comission
2023-06-05 18:20:52.748750,,,
2023-06-05 18:20:52.524140,ct,0:00:01.043823,correct comission
2023-06-05 18:20:53.637762,,,
2023-06-05 18:20:53.338646,ct,0:00:01.113622,correct comission
2023-06-05 18:20:54.217393,,,
2023-06-05 18:20:54.157330,ct,0:00:00.878747,correct comission
2023-06-05 18:20:55.079840,,,
2023-06-05 18:20:54.971622,ct,0:00:00.922510,correct comission
2023-06-05 18:20:56.102367,,,
2023-06-05 18:20:55.785496,ct,0:00:01.130745,correct comission
2023-06-05 18:20:56.681848,,,
2023-06-05 18:20:56.609483,ct,0:00:00.896352,correct comission
2023-06-05 18:20:57.397306,,,
2023-06-05 18:20:57.429351,ct,0:00:00.787823,correct comission
2023-06-05 18:20:58.143217,,,
2023-06-05 18:20:58.254493,ct,0:00:00.713866,correct comission
2023-06-05 18:20:58.990473,,,
2023-06-05 18:20:59.067881,ct,0:00:00.735980,correct comission
2023-06-05 18:20:59.894249,,,
2023-06-05 18:20:59.882352,ct,0:00:00.826368,correct comission
2023-06-05 18:21:00.727435,,,
2023-06-05 18:21:00.692072,mt,,comission error
2023-06-05 18:21:01.468094,,,
2023-06-05 18:21:01.503979,ct,0:00:00.776022,correct comission
2023-06-05 18:21:02.487675,,,
2023-06-05 18:21:02.319870,ct,0:00:00.983696,correct comission
2023-06-05 18:21:03.138081,ct,,omission error
2023-06-05 18:21:03.918351,,,
2023-06-05 18:21:03.953331,ct,0:00:00.780270,correct comission
2023-06-05 18:21:04.749884,,,
2023-06-05 18:21:04.773007,ct,0:00:00.796553,correct comission
2023-06-05 18:21:05.549698,,,
2023-06-05 18:21:05.606297,ct,0:00:00.776691,correct comission
2023-06-05 18:21:06.394858,,,
2023-06-05 18:21:06.416242,mt,,comission error
2023-06-05 18:21:07.230149,ct,,omission error
2023-06-05 18:21:08.009391,,,
2023-06-05 18:21:08.048411,ct,0:00:00.779242,correct comission
2023-06-05 18:21:09.100017,,,
2023-06-05 18:21:08.865076,ct,0:00:01.051606,correct comission
2023-06-05 18:21:09.881084,,,
2023-06-05 18:21:09.681587,ct,0:00:01.016008,correct comission
2023-06-05 18:21:10.765461,,,
2023-06-05 18:21:10.498077,ct,0:00:01.083874,correct comission
2023-06-05 18:21:11.487696,,,
2023-06-05 18:21:11.315348,ct,0:00:00.989619,correct comission
2023-06-05 18:21:12.135697,ct,,omission error
2023-06-05 18:21:12.637394,,,
2023-06-05 18:21:12.973159,ct,0:00:00.501697,correct comission
2023-06-05 18:21:13.498120,,,
2023-06-05 18:21:13.795166,ct,0:00:00.524961,correct comission
2023-06-05 18:21:14.376687,,,
2023-06-05 18:21:14.613293,ct,0:00:00.581521,correct comission
2023-06-05 18:21:15.294891,,,
2023-06-05 18:21:15.428689,ct,0:00:00.681598,correct comission
2023-06-05 18:21:16.055878,,,
2023-06-05 18:21:16.247371,ct,0:00:00.627189,correct comission
2023-06-05 18:21:17.023615,,,
2023-06-05 18:21:17.066051,ct,0:00:00.776244,correct comission
2023-06-05 18:21:17.914985,,,
2023-06-05 18:21:17.882796,ct,0:00:00.848934,correct comission
2023-06-05 18:21:18.763924,,,
2023-06-05 18:21:18.697807,mt,,comission error
2023-06-05 18:21:19.555345,,,
2023-06-05 18:21:19.531402,ct,0:00:00.857538,correct comission
2023-06-05 18:21:20.361391,ct,,omission error
2023-06-05 18:21:20.956578,,,
2023-06-05 18:21:21.182039,ct,0:00:00.595187,correct comission
2023-06-05 18:21:22.001824,ct,,omission error
2023-06-05 18:21:22.408444,,,
2023-06-05 18:21:22.815768,ct,0:00:00.406620,correct comission
2023-06-05 18:21:23.580359,,,
2023-06-05 18:21:23.634614,ct,0:00:00.764591,correct comission
2023-06-05 18:21:24.524841,,,
2023-06-05 18:21:24.446676,ct,0:00:00.890227,correct comission
2023-06-05 18:21:25.419483,,,
2023-06-05 18:21:25.261726,ct,0:00:00.972807,correct comission
2023-06-05 18:21:26.363985,,,
2023-06-05 18:21:26.076186,ct,0:00:01.102259,correct comission
2023-06-05 18:21:27.004570,,,
2023-06-05 18:21:26.904469,mt,,comission error
2023-06-05 18:21:27.707768,,,
2023-06-05 18:21:27.730506,ct,0:00:00.803299,correct comission
2023-06-05 18:21:28.549100,ct,,omission error
2023-06-05 18:21:28.921382,,,
2023-06-05 18:21:29.364974,ct,0:00:00.372282,correct comission
2023-06-05 18:21:30.182240,ct,,omission error
2023-06-05 18:21:30.522642,,,
2023-06-05 18:21:30.995228,ct,0:00:00.340402,correct comission
2023-06-05 18:21:32.033209,,,
2023-06-05 18:21:31.808444,mt,,comission error
2023-06-05 18:21:32.626604,ct,,omission error
2023-06-05 18:21:33.210359,,,
2023-06-05 18:21:33.438523,ct,0:00:00.583755,correct comission
2023-06-05 18:21:34.235540,,,
2023-06-05 18:21:34.257545,ct,0:00:00.797017,correct comission
2023-06-05 18:21:35.107903,,,
2023-06-05 18:21:35.096153,ct,0:00:00.850358,correct comission
2023-06-05 18:21:35.910353,ct,,omission error
2023-06-05 18:21:36.333449,,,
2023-06-05 18:21:36.722917,ct,0:00:00.423096,correct comission
2023-06-05 18:21:37.379888,,,
2023-06-05 18:21:37.534886,ct,0:00:00.656971,correct comission
2023-06-05 18:21:38.228900,,,
2023-06-05 18:21:38.357569,ct,0:00:00.694014,correct comission
2023-06-05 18:21:39.003323,,,
2023-06-05 18:21:39.170889,mt,,comission error
2023-06-05 18:21:39.820678,,,
2023-06-05 18:21:39.989030,ct,0:00:00.649789,correct comission
2023-06-05 18:21:40.767367,,,
2023-06-05 18:21:40.802259,ct,0:00:00.778337,correct comission
2023-06-05 18:21:41.884619,,,
2023-06-05 18:21:41.617300,ct,0:00:01.082360,correct comission
2023-06-05 18:21:42.747847,,,
2023-06-05 18:21:42.453234,ct,0:00:01.130547,correct comission
2023-06-05 18:21:43.391425,,,
2023-06-05 18:21:43.277208,ct,0:00:00.938191,correct comission
2023-06-05 18:21:44.173783,,,
2023-06-05 18:21:44.094304,ct,0:00:00.896575,correct comission
2023-06-05 18:21:45.181048,,,
2023-06-05 18:21:44.910391,ct,0:00:01.086744,correct comission
2023-06-05 18:21:45.745880,,,
2023-06-05 18:21:45.723835,ct,0:00:00.835489,correct comission
2023-06-05 18:21:46.546795,,,
2023-06-05 18:21:46.534265,ct,0:00:00.822960,correct comission
2023-06-05 18:21:47.569131,,,
2023-06-05 18:21:47.352593,mt,,comission error
2023-06-05 18:21:48.167963,ct,,omission error
2023-06-05 18:21:49.062990,,,
2023-06-05 18:21:48.982399,ct,0:00:00.895027,correct comission
2023-06-05 18:21:50.051905,,,
2023-06-05 18:21:49.826863,ct,0:00:01.069506,correct comission
2023-06-05 18:21:50.649650,ct,,omission error
2023-06-05 18:21:51.055311,,,
2023-06-05 18:21:51.465142,ct,0:00:00.405661,correct comission
2023-06-05 18:21:52.025822,,,
2023-06-05 18:21:52.277905,ct,0:00:00.560680,correct comission
2023-06-05 18:21:53.094219,ct,,omission error
2023-06-05 18:21:53.663323,,,
2023-06-05 18:21:53.904002,ct,0:00:00.569104,correct comission
2023-06-05 18:21:54.544340,,,
2023-06-05 18:21:54.717651,ct,0:00:00.640338,correct comission
2023-06-05 18:21:55.533839,ct,,omission error
2023-06-05 18:21:56.206945,,,
2023-06-05 18:21:56.351661,ct,0:00:00.673106,correct comission
2023-06-05 18:21:57.168535,,,
2023-06-05 18:21:57.170838,ct,0:00:00.816874,correct comission
2023-06-05 18:21:57.957056,,,
2023-06-05 18:21:57.992280,ct,0:00:00.786218,correct comission
2023-06-05 18:21:58.765787,,,
2023-06-05 18:21:58.813367,ct,0:00:00.773507,correct comission
2023-06-05 18:21:59.607144,,,
2023-06-05 18:21:59.630408,ct,0:00:00.793777,correct comission
2023-06-05 18:22:00.354592,,,
2023-06-05 18:22:00.444717,ct,0:00:00.724184,correct comission
2023-06-05 18:22:01.184763,,,
2023-06-05 18:22:01.255788,ct,0:00:00.740046,correct comission
2023-06-05 18:22:02.023355,,,
2023-06-05 18:22:02.073895,mt,,comission error
2023-06-05 18:22:02.831285,,,
2023-06-05 18:22:02.886454,ct,0:00:00.757390,correct comission
2023-06-05 18:22:03.693065,,,
2023-06-05 18:22:03.697488,ct,0:00:00.806611,correct comission
2023-06-05 18:22:04.490949,,,
2023-06-05 18:22:04.517958,mt,,comission error
2023-06-05 18:22:05.398785,,,
2023-06-05 18:22:05.342613,ct,0:00:00.880827,correct comission
2023-06-05 18:22:06.292646,,,
2023-06-05 18:22:06.171144,ct,0:00:00.950033,correct comission
2023-06-05 18:22:07.104319,,,
2023-06-05 18:22:07.003840,ct,0:00:00.933175,correct comission
2023-06-05 18:22:07.895454,,,
2023-06-05 18:22:07.814719,ct,0:00:00.891614,correct comission
2023-06-05 18:22:08.617089,,,
2023-06-05 18:22:08.634162,ct,0:00:00.802370,correct comission
2023-06-05 18:22:09.367519,,,
2023-06-05 18:22:09.451628,ct,0:00:00.733357,correct comission
2023-06-05 18:22:10.242146,,,
2023-06-05 18:22:10.265400,ct,0:00:00.790518,correct comission
2023-06-05 18:22:11.057980,,,
2023-06-05 18:22:11.076230,ct,0:00:00.792580,correct comission
2023-06-05 18:22:11.800767,,,
2023-06-05 18:22:11.890000,ct,0:00:00.724537,correct comission
2023-06-05 18:22:12.734139,,,
2023-06-05 18:22:12.701379,ct,0:00:00.844139,correct comission
2023-06-05 18:22:13.408171,,,
2023-06-05 18:22:13.541914,mt,,comission error
2023-06-05 18:22:14.114933,,,
2023-06-05 18:22:14.358728,ct,0:00:00.573019,correct comission
2023-06-05 18:22:15.047811,,,
2023-06-05 18:22:15.171205,ct,0:00:00.689083,correct comission
2023-06-05 18:22:15.793021,,,
2023-06-05 18:22:15.988494,ct,0:00:00.621816,correct comission
2023-06-05 18:22:16.530333,,,
2023-06-05 18:22:16.803216,ct,0:00:00.541839,correct comission
2023-06-05 18:22:17.338652,,,
2023-06-05 18:22:17.616449,ct,0:00:00.535436,correct comission
2023-06-05 18:22:18.022730,,,
2023-06-05 18:22:18.438640,ct,0:00:00.406281,correct comission
2023-06-05 18:22:18.770579,,,
2023-06-05 18:22:19.250784,ct,0:00:00.331939,correct comission
2023-06-05 18:22:20.281465,,,
2023-06-05 18:22:20.069312,ct,0:00:01.030681,correct comission
2023-06-05 18:22:21.002003,,,
2023-06-05 18:22:20.913585,ct,0:00:00.932691,correct comission
2023-06-05 18:22:21.871829,,,
2023-06-05 18:22:21.723996,ct,0:00:00.958244,correct comission
2023-06-05 18:22:22.551298,,,
2023-06-05 18:22:22.539453,ct,0:00:00.827302,correct comission
2023-06-05 18:22:23.278564,,,
2023-06-05 18:22:23.359823,ct,0:00:00.739111,correct comission
2023-06-05 18:22:24.071432,,,
2023-06-05 18:22:24.170404,mt,,comission error
2023-06-05 18:22:24.757756,,,
2023-06-05 18:22:24.985828,ct,0:00:00.587352,correct comission
2023-06-05 18:22:25.416075,,,
2023-06-05 18:22:25.797913,ct,0:00:00.430247,correct comission
2023-06-05 18:22:26.876364,,,
2023-06-05 18:22:26.610841,ct,0:00:01.078451,correct comission
2023-06-05 18:22:27.484685,,,
2023-06-05 18:22:27.434518,ct,0:00:00.873844,correct comission
2023-06-05 18:22:28.199234,,,
2023-06-05 18:22:28.258009,ct,0:00:00.764716,correct comission
2023-06-05 18:22:28.949970,,,
2023-06-05 18:22:29.084950,ct,0:00:00.691961,correct comission
2023-06-05 18:22:29.755101,,,
2023-06-05 18:22:29.902263,ct,0:00:00.670151,correct comission
2023-06-05 18:22:30.568873,,,
2023-06-05 18:22:30.717663,ct,0:00:00.666610,correct comission
2023-06-05 18:22:31.290952,,,
2023-06-05 18:22:31.530039,ct,0:00:00.573289,correct comission
2023-06-05 18:22:32.140924,,,
2023-06-05 18:22:32.345639,ct,0:00:00.610885,correct comission
2023-06-05 18:22:32.888964,,,
2023-06-05 18:22:33.158099,ct,0:00:00.543325,correct comission
2023-06-05 18:22:33.704463,,,
2023-06-05 18:22:33.975028,ct,0:00:00.546364,correct comission
2023-06-05 18:22:34.464200,,,
2023-06-05 18:22:34.791382,mt,,comission error
2023-06-05 18:22:35.243556,,,
2023-06-05 18:22:35.620745,ct,0:00:00.452174,correct comission
2023-06-05 18:22:36.446546,,,
2023-06-05 18:22:36.462405,ct,0:00:00.825801,correct comission
2023-06-05 18:22:37.075791,,,
2023-06-05 18:22:37.278814,ct,0:00:00.613386,correct comission
2023-06-05 18:22:37.929173,,,
2023-06-05 18:22:38.096931,ct,0:00:00.650359,correct comission
2023-06-05 18:22:39.065172,,,
2023-06-05 18:22:38.909239,ct,0:00:00.968241,correct comission
2023-06-05 18:22:39.924768,,,
2023-06-05 18:22:39.723135,ct,0:00:01.015529,correct comission
2023-06-05 18:22:40.583685,,,
2023-06-05 18:22:40.540032,mt,,comission error
2023-06-05 18:22:41.477968,,,
2023-06-05 18:22:41.354888,ct,0:00:00.937936,correct comission
2023-06-05 18:22:42.166829,ct,,omission error
2023-06-05 18:22:42.610935,,,
2023-06-05 18:22:43.003857,ct,0:00:00.444106,correct comission
2023-06-05 18:22:43.348718,,,
2023-06-05 18:22:43.828020,ct,0:00:00.344861,correct comission
2023-06-05 18:22:44.700819,,,
2023-06-05 18:22:44.645492,ct,0:00:00.872799,correct comission
2023-06-05 18:22:45.450304,,,
2023-06-05 18:22:45.454627,ct,0:00:00.804812,correct comission
2023-06-05 18:22:46.274063,ct,,omission error
2023-06-05 18:22:46.632525,,,
2023-06-05 18:22:47.091214,ct,0:00:00.358462,correct comission
2023-06-05 18:22:48.093059,,,
2023-06-05 18:22:47.910472,ct,0:00:01.001845,correct comission
2023-06-05 18:22:48.823843,,,
2023-06-05 18:22:48.722703,ct,0:00:00.913371,correct comission
2023-06-05 18:22:49.595210,,,
2023-06-05 18:22:49.533292,ct,0:00:00.872507,correct comission
2023-06-05 18:22:50.327332,,,
2023-06-05 18:22:50.347484,mt,,comission error
2023-06-05 18:22:51.100540,,,
2023-06-05 18:22:51.186651,ct,0:00:00.753056,correct comission
2023-06-05 18:22:52.009927,ct,,omission error
2023-06-05 18:22:52.347559,,,
2023-06-05 18:22:52.819516,ct,0:00:00.337632,correct comission
2023-06-05 18:22:53.575778,,,
2023-06-05 18:22:53.631887,ct,0:00:00.756262,correct comission
2023-06-05 18:22:54.427304,,,
2023-06-05 18:22:54.443376,ct,0:00:00.795417,correct comission
2023-06-05 18:22:55.350408,,,
2023-06-05 18:22:55.265010,ct,0:00:00.907032,correct comission
2023-06-05 18:22:56.096996,,,
2023-06-05 18:22:56.085018,ct,0:00:00.831986,correct comission
2023-06-05 18:22:57.010497,,,
2023-06-05 18:22:56.900725,ct,0:00:00.925479,correct comission
2023-06-05 18:22:57.750484,,,
2023-06-05 18:22:57.715504,ct,0:00:00.849759,correct comission
2023-06-05 18:22:58.533435,,,
2023-06-05 18:22:58.543819,mt,,comission error
2023-06-05 18:22:59.357980,,,
2023-06-05 18:22:59.368658,ct,0:00:00.814161,correct comission
2023-06-05 18:23:00.194729,ct,,omission error
2023-06-05 18:23:00.591664,,,
2023-06-05 18:23:01.010629,mt,,comission error
2023-06-05 18:23:02.110952,,,
2023-06-05 18:23:01.833002,ct,0:00:01.100323,correct comission
2023-06-05 18:23:02.655848,ct,,omission error
2023-06-05 18:23:03.481962,ct,,omission error
2023-06-05 18:23:04.299723,ct,,omission error
2023-06-05 18:23:05.123475,ct,,omission error
2023-06-05 18:23:05.624988,,,
2023-06-05 18:23:05.952033,ct,0:00:00.501513,correct comission
2023-06-05 18:23:06.362246,,,
2023-06-05 18:23:06.774959,ct,0:00:00.410213,correct comission
2023-06-05 18:23:07.131818,,,
2023-06-05 18:23:07.589773,ct,0:00:00.356859,correct comission
2023-06-05 18:23:07.963158,,,
2023-06-05 18:23:08.405926,ct,0:00:00.373385,correct comission
2023-06-05 18:23:08.738395,,,
2023-06-05 18:23:09.223095,ct,0:00:00.332469,correct comission
2023-06-05 18:23:09.554316,,,
2023-06-05 18:23:10.039456,ct,0:00:00.331221,correct comission
2023-06-05 18:23:11.032632,,,
2023-06-05 18:23:10.850668,ct,0:00:00.993176,correct comission
2023-06-05 18:23:11.641360,,,
2023-06-05 18:23:11.657591,mt,,comission error
2023-06-05 18:23:12.418575,,,
2023-06-05 18:23:12.495882,ct,0:00:00.760984,correct comission
2023-06-05 18:23:13.321826,,,
2023-06-05 18:23:13.325177,ct,0:00:00.825944,correct comission
2023-06-05 18:23:14.139136,,,
2023-06-05 18:23:14.143335,ct,0:00:00.813959,correct comission
2023-06-05 18:23:14.967286,ct,,omission error
2023-06-05 18:23:15.504403,,,
2023-06-05 18:23:15.784550,ct,0:00:00.537117,correct comission
2023-06-05 18:23:16.177089,,,
2023-06-05 18:23:16.595322,ct,0:00:00.392539,correct comission
2023-06-05 18:23:17.339828,,,
2023-06-05 18:23:17.408798,mt,,comission error
2023-06-05 18:23:18.271749,,,
2023-06-05 18:23:18.225376,ct,0:00:00.862951,correct comission
2023-06-05 18:23:19.226715,,,
2023-06-05 18:23:19.049452,ct,0:00:01.001339,correct comission
2023-06-05 18:23:20.002595,,,
2023-06-05 18:23:19.880650,ct,0:00:00.953143,correct comission
2023-06-05 18:23:20.816080,,,
2023-06-05 18:23:20.704256,ct,0:00:00.935430,correct comission
2023-06-05 18:23:21.660517,,,
2023-06-05 18:23:21.517577,ct,0:00:00.956261,correct comission
2023-06-05 18:23:22.529265,,,
2023-06-05 18:23:22.329503,ct,0:00:01.011688,correct comission
2023-06-05 18:23:23.238880,,,
2023-06-05 18:23:23.144246,ct,0:00:00.909377,correct comission
2023-06-05 18:23:24.045366,,,
2023-06-05 18:23:23.956993,ct,0:00:00.901120,correct comission
2023-06-05 18:23:25.080413,,,
2023-06-05 18:23:24.768583,ct,0:00:01.123420,correct comission
2023-06-05 18:23:25.812364,,,
2023-06-05 18:23:25.577893,mt,,comission error
2023-06-05 18:23:26.390689,ct,,omission error
2023-06-05 18:23:26.764185,,,
2023-06-05 18:23:27.203176,ct,0:00:00.373496,correct comission
2023-06-05 18:23:27.732129,,,
2023-06-05 18:23:28.035086,ct,0:00:00.528953,correct comission
2023-06-05 18:23:28.556667,,,
2023-06-05 18:23:28.873516,ct,0:00:00.521581,correct comission
2023-06-05 18:23:29.838275,,,
2023-06-05 18:23:29.693817,ct,0:00:00.964759,correct comission
2023-06-05 18:23:30.547222,,,
2023-06-05 18:23:30.502766,ct,0:00:00.853405,correct comission
2023-06-05 18:23:31.412582,,,
2023-06-05 18:23:31.322268,ct,0:00:00.909816,correct comission
2023-06-05 18:23:32.212834,,,
2023-06-05 18:23:32.146895,ct,0:00:00.890566,correct comission
2023-06-05 18:23:32.926422,,,
2023-06-05 18:23:32.962244,ct,0:00:00.779527,correct comission
2023-06-05 18:23:33.795806,,,
2023-06-05 18:23:33.773455,ct,0:00:00.833562,correct comission
2023-06-05 18:23:34.580721,,,
2023-06-05 18:23:34.611837,mt,,comission error
2023-06-05 18:23:35.216272,,,
2023-06-05 18:23:35.436045,ct,0:00:00.604435,correct comission
2023-06-05 18:23:36.023264,,,
2023-06-05 18:23:36.250474,ct,0:00:00.587219,correct comission
2023-06-05 18:23:36.863365,,,
2023-06-05 18:23:37.068182,ct,0:00:00.612891,correct comission
2023-06-05 18:23:37.678049,,,
2023-06-05 18:23:37.882515,ct,0:00:00.609867,correct comission
2023-06-05 18:23:38.491043,,,
2023-06-05 18:23:38.697211,ct,0:00:00.608528,correct comission
2023-06-05 18:23:39.234623,,,
2023-06-05 18:23:39.507961,ct,0:00:00.537412,correct comission
2023-06-05 18:23:39.977409,,,
2023-06-05 18:23:40.326399,ct,0:00:00.469448,correct comission
2023-06-05 18:23:40.784276,,,
2023-06-05 18:23:41.147451,ct,0:00:00.457877,correct comission
2023-06-05 18:23:41.632407,,,
2023-06-05 18:23:41.999202,ct,0:00:00.484956,correct comission
2023-06-05 18:23:42.417225,,,
2023-06-05 18:23:42.820490,ct,0:00:00.418023,correct comission
2023-06-05 18:23:43.715111,,,
2023-06-05 18:23:43.640833,mt,,comission error
2023-06-05 18:23:44.352013,,,
2023-06-05 18:23:44.447101,ct,0:00:00.711180,correct comission
2023-06-05 18:23:45.491112,,,
2023-06-05 18:23:45.259887,ct,0:00:01.044011,correct comission
2023-06-05 18:23:45.974642,,,
2023-06-05 18:23:46.060835,ct,0:00:00.714755,correct comission
2023-06-05 18:23:46.710812,,,
2023-06-05 18:23:46.868288,ct,0:00:00.649977,correct comission
2023-06-05 18:23:47.522936,,,
2023-06-05 18:23:47.683555,ct,0:00:00.654648,correct comission
2023-06-05 18:23:48.290464,,,
2023-06-05 18:23:48.499899,ct,0:00:00.606909,correct comission
2023-06-05 18:23:49.183948,,,
2023-06-05 18:23:49.318461,ct,0:00:00.684049,correct comission
2023-06-05 18:23:50.130788,,,
2023-06-05 18:23:50.142734,mt,,comission error
2023-06-05 18:23:50.804746,,,
2023-06-05 18:23:50.961893,ct,0:00:00.662012,correct comission
2023-06-05 18:23:51.578156,,,
2023-06-05 18:23:51.786461,ct,0:00:00.616263,correct comission
2023-06-05 18:23:52.362403,,,
2023-06-05 18:23:52.594863,ct,0:00:00.575942,correct comission
2023-06-05 18:23:53.104742,,,
2023-06-05 18:23:53.412153,ct,0:00:00.509879,correct comission
2023-06-05 18:23:54.040958,,,
2023-06-05 18:23:54.226914,ct,0:00:00.628805,correct comission
2023-06-05 18:23:54.771358,,,
2023-06-05 18:23:55.042834,ct,0:00:00.544444,correct comission
2023-06-05 18:23:55.443699,,,
2023-06-05 18:23:55.853460,ct,0:00:00.400865,correct comission
2023-06-05 18:23:56.290719,,,
2023-06-05 18:23:56.665033,ct,0:00:00.437259,correct comission
2023-06-05 18:23:57.174022,,,
2023-06-05 18:23:57.486597,ct,0:00:00.508989,correct comission
2023-06-05 18:23:57.829647,,,
2023-06-05 18:23:58.312182,ct,0:00:00.343050,correct comission
2023-06-05 18:23:58.646779,,,
2023-06-05 18:23:59.122795,ct,0:00:00.334597,correct comission
2023-06-05 18:23:59.447283,,,
2023-06-05 18:23:59.951296,ct,0:00:00.324488,correct comission
2023-06-05 18:24:00.919839,,,
2023-06-05 18:24:00.773326,ct,0:00:00.968543,correct comission
2023-06-05 18:24:01.715405,,,
2023-06-05 18:24:01.584593,ct,0:00:00.942079,correct comission
2023-06-05 18:24:02.329764,,,
2023-06-05 18:24:02.391105,mt,,comission error
2023-06-05 18:24:03.283658,,,
2023-06-05 18:24:03.205078,ct,0:00:00.892553,correct comission
2023-06-05 18:24:04.021399,ct,,omission error
2023-06-05 18:24:04.436662,,,
2023-06-05 18:24:04.829653,ct,0:00:00.415263,correct comission
2023-06-05 18:24:05.467009,,,
2023-06-05 18:24:05.642921,ct,0:00:00.637356,correct comission
2023-06-05 18:24:06.263956,,,
2023-06-05 18:24:06.471993,ct,0:00:00.621035,correct comission
2023-06-05 18:24:07.314111,ct,,omission error
2023-06-05 18:24:08.140754,ct,,omission error
2023-06-05 18:24:08.963041,ct,,omission error
2023-06-05 18:24:09.782495,ct,,omission error
2023-06-05 18:24:10.609702,ct,,omission error
2023-06-05 18:24:11.445508,mt,,correct omission
2023-06-05 18:24:12.288373,ct,,omission error
2023-06-05 18:24:13.107053,ct,,omission error
2023-06-05 18:24:13.931645,ct,,omission error
2023-06-05 18:24:14.750971,ct,,omission error
2023-06-05 18:24:15.573692,ct,,omission error
2023-06-05 18:24:16.262449,,,
2023-06-05 18:24:16.406984,ct,0:00:00.688757,correct comission
2023-06-05 18:24:17.321078,,,
2023-06-05 18:24:17.216458,ct,0:00:00.914094,correct comission
2023-06-05 18:24:18.047509,,,
2023-06-05 18:24:18.062138,ct,0:00:00.831051,correct comission
2023-06-05 18:24:18.904153,,,
2023-06-05 18:24:18.892505,ct,0:00:00.842015,correct comission
2023-06-05 18:24:19.640993,,,
2023-06-05 18:24:19.711330,mt,,comission error
2023-06-05 18:24:20.807757,,,
2023-06-05 18:24:20.528618,ct,0:00:01.096427,correct comission
2023-06-05 18:24:21.341175,ct,,omission error
2023-06-05 18:24:21.683801,,,
2023-06-05 18:24:22.161349,ct,0:00:00.342626,correct comission
2023-06-05 18:24:22.685162,,,
2023-06-05 18:24:22.978759,ct,0:00:00.523813,correct comission
2023-06-05 18:24:23.367272,,,
2023-06-05 18:24:23.819846,ct,0:00:00.388513,correct comission
2023-06-05 18:24:24.601729,,,
2023-06-05 18:24:24.652670,ct,0:00:00.781883,correct comission
2023-06-05 18:24:25.274303,,,
2023-06-05 18:24:25.484935,ct,0:00:00.621633,correct comission
2023-06-05 18:24:26.301439,,,
2023-06-05 18:24:26.308693,ct,0:00:00.816504,correct comission
2023-06-05 18:24:27.141491,,,
2023-06-05 18:24:27.129865,ct,0:00:00.832798,correct comission
2023-06-05 18:24:27.990078,,,
2023-06-05 18:24:27.966561,mt,,comission error
2023-06-05 18:24:29.004048,,,
2023-06-05 18:24:28.824003,ct,0:00:01.037487,correct comission
2023-06-05 18:24:29.653080,ct,,omission error
2023-06-05 18:24:30.183393,,,
2023-06-05 18:24:30.470263,ct,0:00:00.530313,correct comission
2023-06-05 18:24:31.066173,,,
2023-06-05 18:24:31.290766,ct,0:00:00.595910,correct comission
2023-06-05 18:24:31.965728,,,
2023-06-05 18:24:32.108226,ct,0:00:00.674962,correct comission
2023-06-05 18:24:32.821540,,,
2023-06-05 18:24:32.931808,ct,0:00:00.713314,correct comission
2023-06-05 18:24:33.625033,,,
2023-06-05 18:24:33.789118,ct,0:00:00.693225,correct comission
2023-06-05 18:24:34.604688,,,
2023-06-05 18:24:34.610304,ct,0:00:00.815570,correct comission
2023-06-05 18:24:35.449855,,,
2023-06-05 18:24:35.427715,ct,0:00:00.839551,correct comission
2023-06-05 18:24:36.138199,,,
2023-06-05 18:24:36.254580,mt,,comission error
2023-06-05 18:24:37.037403,,,
2023-06-05 18:24:37.074990,ct,0:00:00.782823,correct comission
2023-06-05 18:24:38.107775,,,
2023-06-05 18:24:37.894765,ct,0:00:01.032785,correct comission
2023-06-05 18:24:38.731893,,,
2023-06-05 18:24:38.708385,ct,0:00:00.837128,correct comission
2023-06-05 18:24:39.422030,,,
2023-06-05 18:24:39.525544,ct,0:00:00.713645,correct comission
2023-06-05 18:24:40.134663,,,
2023-06-05 18:24:40.381712,mt,,comission error
2023-06-05 18:24:41.036282,,,
2023-06-05 18:24:41.218779,ct,0:00:00.654570,correct comission
2023-06-05 18:24:42.034917,,,
2023-06-05 18:24:42.038098,ct,0:00:00.816138,correct comission
2023-06-05 18:24:42.727800,,,
2023-06-05 18:24:42.859086,ct,0:00:00.689702,correct comission
2023-06-05 18:24:43.643318,,,
2023-06-05 18:24:43.758659,ct,0:00:00.784232,correct comission
2023-06-05 18:24:44.523249,,,
2023-06-05 18:24:44.584487,ct,0:00:00.764590,correct comission
2023-06-05 18:24:45.404314,ct,,omission error
2023-06-05 18:24:46.026360,,,
2023-06-05 18:24:46.216010,ct,0:00:00.622046,correct comission
2023-06-05 18:24:46.834094,,,
2023-06-05 18:24:47.029703,ct,0:00:00.618084,correct comission
2023-06-05 18:24:47.708617,,,
2023-06-05 18:24:47.850785,ct,0:00:00.678914,correct comission
2023-06-05 18:24:48.584183,,,
2023-06-05 18:24:48.674828,ct,0:00:00.733398,correct comission
2023-06-05 18:24:49.628308,,,
2023-06-05 18:24:49.498019,mt,,comission error
